{"loss_training": 0.10493730008602142, "_timestamp": 1706722554.896512, "_runtime": 341.7555630207062, "_step": 149, "acc_test": 0.7289999723434448, "_wandb": {"runtime": 341}}