{"loss_training": 0.6931732892990112, "_timestamp": 1706788306.090134, "_runtime": 6.836591005325317, "_step": 0}