{"loss_training": 0.10195794701576233, "_timestamp": 1706723089.7616699, "_runtime": 319.1855459213257, "_step": 149, "acc_test": 0.7210000157356262, "_wandb": {"runtime": 318}}