{"loss_training": 0.21563491225242615, "_timestamp": 1706720069.092416, "_runtime": 157.55923509597778, "_step": 99, "acc_test": 0.7940000295639038, "_wandb": {"runtime": 156}}