{"loss_training": 0.11136362701654434, "_timestamp": 1706626307.3497012, "_runtime": 457.32564425468445, "_step": 99, "_wandb": {"runtime": 458}}