{"loss_training": 0.6931822299957275, "_timestamp": 1706717605.2447748, "_runtime": 155.55381178855896, "_step": 0}