{"loss_training": 0.11965739727020264, "_timestamp": 1706719396.1235268, "_runtime": 185.55427479743958, "_step": 149, "acc_test": 0.8209999799728394, "_wandb": {"runtime": 184}}