{"loss_training": 0.13373792171478271, "_timestamp": 1706719075.326868, "_runtime": 273.50681614875793, "_step": 149, "acc_test": 0.8180000185966492, "_wandb": {"runtime": 272}}