{"loss_training": 0.2267322689294815, "_timestamp": 1706719810.3310158, "_runtime": 100.7591278553009, "_step": 99, "acc_test": 0.8199999928474426, "_wandb": {"runtime": 100}}