{"loss_training": 0.6931939125061035, "_timestamp": 1706788113.5395799, "_runtime": 11.800673961639404, "_step": 0}