{"loss_training": 0.2224249392747879, "_timestamp": 1706717920.6499178, "_runtime": 268.34868574142456, "_step": 49, "_wandb": {"runtime": 282}}