{"loss_training": 0.10648314654827118, "_timestamp": 1706720786.605414, "_runtime": 366.814110994339, "_step": 149, "acc_test": 0.722000002861023, "_wandb": {"runtime": 364}}