{"loss_training": 0.11746521294116974, "_timestamp": 1706718657.465609, "_runtime": 222.28757905960083, "_step": 99, "_wandb": {"runtime": 224}}