{"loss_training": 0.11843007802963257, "_timestamp": 1706720354.599354, "_runtime": 159.95758605003357, "_step": 149, "acc_test": 0.8140000104904175, "_wandb": {"runtime": 159}}