{"loss_training": 0.12158389389514923, "_timestamp": 1706710206.1989172, "_runtime": 298.15438508987427, "_step": 99, "_wandb": {"runtime": 298}}