{"loss_training": 0.6932287812232971, "_timestamp": 1706710316.5996559, "_runtime": 10.103160858154297, "_step": 1}