{"best_t": 46, "Average accuracy": 0.6179799437522888, "accs mean:": 61.798004150390625, "accs std:": 0.26763516664505005, "_timestamp": 1706612540.3139951, "_runtime": 182.53882312774658, "_step": 0, "_wandb": {"runtime": 181}}