{"loss_training": 0.676199734210968, "_timestamp": 1706624255.4896388, "_runtime": 307.4116897583008, "_step": 49, "_wandb": {"runtime": 317}}