{"loss_training": 0.1041409969329834, "_timestamp": 1706629650.111424, "_runtime": 311.7978880405426, "_step": 99, "_wandb": {"runtime": 312}}