{"acc": 0.6190000176429749, "_timestamp": 1706624371.761708, "_runtime": 8.723844051361084, "_step": 49, "_wandb": {"runtime": 7}}